ts,smClockMHz,memClockMHz,tempC,utilGpuPct,utilMemPct,powerW,pstate,clockThrottleReasons
17:39:07.764,210,405,44,13,32,7.42,P8,0x0000000000000001
17:39:08.939,210,405,44,11,30,7.53,P8,0x0000000000000001
17:39:10.045,210,405,44,16,31,7.53,P8,0x0000000000000001
17:39:11.152,210,405,44,10,30,7.58,P8,0x0000000000000001
17:39:12.267,210,405,44,11,30,7.47,P8,0x0000000000000001
17:39:13.381,210,405,45,11,30,7.52,P8,0x0000000000000001
17:39:14.485,210,405,45,11,30,7.53,P8,0x0000000000000001
17:39:15.591,210,405,45,11,30,7.50,P8,0x0000000000000001
17:39:16.720,210,405,45,11,30,7.52,P8,0x0000000000000001
17:39:17.835,210,405,45,12,30,7.54,P8,0x0000000000000001
17:39:18.939,210,405,46,8,30,7.56,P8,0x0000000000000001
17:39:20.057,210,405,46,11,30,7.55,P8,0x0000000000000001
17:39:21.175,210,405,46,7,30,7.62,P8,0x0000000000000001
17:39:22.290,210,405,46,12,30,7.63,P8,0x0000000000000001
17:39:23.403,210,405,46,11,30,7.64,P8,0x0000000000000001
17:39:24.514,210,405,47,12,30,7.66,P8,0x0000000000000001
17:39:25.660,2115,7001,48,20,3,11.64,P3,0x0000000000000001
17:39:26.828,2115,8001,48,5,1,18.51,P0,0x0000000000000001
17:39:28.187,870,810,48,22,9,16.34,P5,0x0000000000000001
17:39:29.368,750,810,48,33,10,10.47,P5,0x0000000000000001
17:39:30.515,540,810,48,7,7,10.14,P5,0x0000000000000001
17:39:31.663,345,405,48,16,16,8.57,P8,0x0000000000000001
17:39:32.799,255,405,48,9,17,7.56,P8,0x0000000000000001
17:39:33.951,210,405,48,10,16,7.53,P8,0x0000000000000001
17:39:35.091,210,405,48,17,17,7.47,P8,0x0000000000000001
17:39:36.224,210,405,49,18,12,7.41,P8,0x0000000000000001
17:39:37.467,210,405,49,19,16,7.32,P8,0x0000000000000001
17:39:40.134,210,405,49,1,24,7.03,P8,0x0000000000000001
17:39:41.987,210,405,49,5,14,6.51,P8,0x0000000000000001
17:39:43.305,210,405,49,32,26,7.53,P8,0x0000000000000001
17:39:44.475,210,405,49,35,27,7.64,P8,0x0000000000000001
17:39:45.628,210,405,49,11,26,7.73,P8,0x0000000000000001
17:39:47.854,210,405,49,8,7,6.77,P8,0x0000000000000001
17:39:49.180,210,405,49,20,34,7.26,P8,0x0000000000000001
17:39:50.345,210,405,49,19,16,7.48,P8,0x0000000000000001
17:39:51.814,210,405,49,10,37,7.50,P8,0x0000000000000001
17:39:53.054,210,405,49,16,37,7.59,P8,0x0000000000000001
17:39:54.340,210,405,49,15,24,7.23,P8,0x0000000000000001
17:39:55.777,210,405,49,12,20,7.09,P8,0x0000000000000001
17:39:57.098,225,405,49,32,25,7.41,P8,0x0000000000000001
17:39:58.874,315,405,49,12,26,7.23,P8,0x0000000000000001
17:40:00.245,210,405,49,15,22,7.20,P8,0x0000000000000001
17:40:02.337,210,405,49,23,25,7.15,P8,0x0000000000000001
17:40:03.474,210,405,49,25,24,7.69,P8,0x0000000000000001
17:40:04.600,210,405,48,23,25,7.88,P8,0x0000000000000001
17:40:05.720,210,405,48,22,25,7.89,P8,0x0000000000000001
17:40:06.856,210,405,48,26,25,7.90,P8,0x0000000000000001
17:40:07.960,210,405,48,25,26,7.90,P8,0x0000000000000001
17:40:09.161,210,405,48,13,25,7.77,P8,0x0000000000000001
17:40:10.301,210,405,48,34,25,7.72,P8,0x0000000000000001
17:40:12.297,210,405,48,10,24,7.32,P8,0x0000000000000001
17:40:14.183,210,405,48,32,25,7.50,P8,0x0000000000000001
17:40:15.469,210,405,48,35,25,7.63,P8,0x0000000000000001
17:40:16.700,210,405,48,17,25,7.84,P8,0x0000000000000001
17:40:17.976,210,405,48,33,25,7.80,P8,0x0000000000000001
17:40:19.110,210,405,48,25,26,7.85,P8,0x0000000000000001
17:40:20.231,210,405,48,25,25,7.83,P8,0x0000000000000001
17:40:21.435,210,405,48,22,25,7.81,P8,0x0000000000000001
17:40:22.545,210,405,48,25,25,7.88,P8,0x0000000000000001
17:40:23.650,210,405,48,26,26,7.87,P8,0x0000000000000001
17:40:24.758,210,405,47,23,26,7.86,P8,0x0000000000000001
17:40:25.905,210,405,47,6,22,7.75,P8,0x0000000000000001
17:40:27.171,210,405,48,3,26,7.54,P8,0x0000000000000001
17:40:28.336,210,405,48,14,21,7.18,P8,0x0000000000000001
17:40:29.475,210,405,48,62,28,7.33,P8,0x0000000000000001
17:40:30.643,2355,7001,50,42,2,27.33,P3,0x0000000000000000
17:40:31.804,2355,6001,50,51,2,25.87,P4,0x0000000000000000
17:40:32.947,2355,7001,49,2,2,22.37,P3,0x0000000000000000
17:40:34.441,615,810,48,7,15,17.78,P5,0x0000000000000001
17:40:35.865,390,405,48,22,31,9.60,P8,0x0000000000000001
17:40:37.011,285,405,48,19,31,7.96,P8,0x0000000000000001
17:40:38.212,2115,8001,49,8,2,13.07,P0,0x0000000000000001
17:40:39.429,2115,6001,49,14,5,20.33,P4,0x0000000000000001
17:40:40.706,2115,6001,50,17,9,23.22,P4,0x0000000000000001
17:40:42.059,1875,8001,50,25,9,25.56,P0,0x0000000000000001
17:40:43.264,1515,7001,50,24,9,21.23,P3,0x0000000000000001
17:40:44.451,1635,8001,50,47,16,21.85,P0,0x0000000000000001
17:40:45.592,1890,8001,50,38,14,25.07,P0,0x0000000000000001
17:40:46.716,2355,8001,52,43,19,37.12,P0,0x0000000000000000
17:40:47.824,2355,8001,52,48,22,42.19,P0,0x0000000000000000
17:40:48.943,2355,8001,53,58,28,44.07,P0,0x0000000000000000
17:40:50.079,2355,8001,52,50,23,45.78,P0,0x0000000000000000
17:40:51.187,2355,8001,53,55,26,46.13,P0,0x0000000000000000
17:40:52.313,2355,8001,53,51,24,45.74,P0,0x0000000000000000
17:40:53.421,2355,8001,53,54,25,47.28,P0,0x0000000000000000
17:40:54.546,2355,8001,53,59,28,47.61,P0,0x0000000000000000
17:40:55.683,2355,8001,54,62,29,50.28,P0,0x0000000000000000
17:40:56.899,2355,8001,52,30,14,45.35,P0,0x0000000000000000
17:40:58.732,2340,8001,56,100,5,45.94,P0,0x0000000000000000
17:40:59.854,2340,8001,57,100,6,58.14,P0,0x0000000000000000
17:41:00.957,2340,8001,56,100,6,58.51,P0,0x0000000000000000
17:41:02.067,2340,8001,56,100,6,58.27,P0,0x0000000000000000
17:41:03.189,2340,8001,56,100,6,58.20,P0,0x0000000000000000
17:41:04.300,2340,8001,56,100,6,58.40,P0,0x0000000000000000
17:41:05.408,2340,8001,56,100,6,58.43,P0,0x0000000000000000
17:41:06.513,2340,8001,56,100,6,58.11,P0,0x0000000000000000
17:41:07.619,2340,8001,56,100,6,58.83,P0,0x0000000000000000
17:41:08.745,2340,8001,56,100,6,58.56,P0,0x0000000000000000
17:41:09.870,2340,8001,56,100,6,58.25,P0,0x0000000000000000
17:41:10.986,2340,8001,56,100,6,59.62,P0,0x0000000000000000
17:41:12.120,2340,8001,56,100,6,58.99,P0,0x0000000000000000
17:41:13.229,2340,8001,56,100,6,58.78,P0,0x0000000000000000
17:41:14.336,2340,8001,56,100,6,60.13,P0,0x0000000000000000
17:41:15.445,2340,8001,56,100,6,59.84,P0,0x0000000000000000
17:41:16.552,2340,8001,56,100,6,58.40,P0,0x0000000000000000
17:41:17.660,2340,8001,56,100,6,58.58,P0,0x0000000000000000
17:41:18.766,2340,8001,56,100,6,59.45,P0,0x0000000000000000
17:41:19.872,2340,8001,56,100,6,58.80,P0,0x0000000000000000
17:41:20.978,2340,8001,56,100,6,58.72,P0,0x0000000000000000
17:41:22.085,2340,8001,56,100,6,58.80,P0,0x0000000000000000
17:41:23.198,2340,8001,56,100,6,58.38,P0,0x0000000000000000
17:41:24.310,2340,8001,56,100,6,58.61,P0,0x0000000000000000
17:41:25.415,2340,8001,56,100,6,58.68,P0,0x0000000000000000
17:41:26.652,2340,8001,56,100,6,58.83,P0,0x0000000000000000
17:41:27.831,2340,8001,57,100,6,58.96,P0,0x0000000000000000
17:41:28.941,2340,8001,57,100,6,59.05,P0,0x0000000000000000
17:41:30.053,2340,8001,57,100,6,58.99,P0,0x0000000000000000
17:41:31.160,2340,8001,57,100,6,59.07,P0,0x0000000000000000
17:41:32.271,2340,8001,57,100,6,59.33,P0,0x0000000000000000
17:41:33.380,2340,8001,57,100,6,58.62,P0,0x0000000000000000
17:41:34.488,2340,8001,57,100,6,57.95,P0,0x0000000000000000
17:41:35.597,2340,8001,57,100,6,58.60,P0,0x0000000000000000
17:41:36.722,2340,8001,57,100,6,57.91,P0,0x0000000000000000
17:41:37.845,2340,8001,57,100,6,58.82,P0,0x0000000000000000
17:41:38.952,2340,8001,58,100,6,59.29,P0,0x0000000000000000
17:41:40.059,2340,8001,57,100,6,59.20,P0,0x0000000000000000
17:41:41.169,2340,8001,58,100,6,59.20,P0,0x0000000000000000
17:41:42.283,2340,8001,58,100,6,59.58,P0,0x0000000000000000
17:41:43.418,2340,8001,58,100,6,59.45,P0,0x0000000000000000
17:41:44.529,2340,8001,59,100,6,59.77,P0,0x0000000000000000
17:41:45.655,2340,8001,59,100,6,59.55,P0,0x0000000000000000
17:41:46.787,2340,8001,58,100,6,59.32,P0,0x0000000000000000
17:41:47.903,2340,8001,59,100,6,59.48,P0,0x0000000000000000
17:41:49.016,2340,8001,59,100,6,60.10,P0,0x0000000000000000
17:41:50.123,2340,8001,59,100,6,59.51,P0,0x0000000000000000
17:41:51.237,2340,8001,59,100,6,59.81,P0,0x0000000000000000
17:41:52.344,2340,8001,59,100,6,60.05,P0,0x0000000000000000
17:41:53.454,2340,8001,59,100,6,60.23,P0,0x0000000000000000
17:41:54.566,2340,8001,59,100,6,60.13,P0,0x0000000000000000
17:41:55.686,2340,8001,59,100,6,59.47,P0,0x0000000000000000
17:41:56.846,2340,8001,60,100,6,60.20,P0,0x0000000000000000
17:41:57.981,2340,8001,60,100,6,60.16,P0,0x0000000000000000
17:41:59.104,2340,8001,60,100,6,60.85,P0,0x0000000000000000
17:42:00.216,2340,8001,60,100,6,60.51,P0,0x0000000000000000
17:42:01.326,2340,8001,60,100,6,60.81,P0,0x0000000000000000
17:42:02.432,2340,8001,60,100,6,60.53,P0,0x0000000000000000
17:42:03.541,2340,8001,60,100,6,59.26,P0,0x0000000000000000
17:42:04.662,2340,8001,60,100,6,60.15,P0,0x0000000000000000
17:42:05.786,2340,8001,61,100,6,60.43,P0,0x0000000000000000
17:42:06.896,2340,8001,61,100,6,60.88,P0,0x0000000000000000
17:42:08.008,2340,8001,61,100,6,60.53,P0,0x0000000000000000
17:42:09.120,2340,8001,61,100,6,60.41,P0,0x0000000000000000
17:42:10.258,2340,8001,61,100,6,60.33,P0,0x0000000000000000
17:42:11.447,2340,8001,61,100,6,60.63,P0,0x0000000000000000
17:42:12.741,2340,8001,61,100,6,60.53,P0,0x0000000000000000
17:42:13.870,2340,8001,61,100,11,59.93,P0,0x0000000000000000
17:42:15.044,2340,8001,61,100,11,60.70,P0,0x0000000000000000
17:42:16.188,2340,8001,60,100,3,46.72,P0,0x0000000000000000
17:42:17.352,2340,8001,60,100,3,46.50,P0,0x0000000000000000
17:42:18.483,2340,8001,60,100,3,46.46,P0,0x0000000000000000
17:42:19.622,2340,8001,59,89,3,45.38,P0,0x0000000000000000
17:42:20.769,2340,8001,60,100,3,44.94,P0,0x0000000000000000
17:42:21.910,2340,8001,60,100,3,46.92,P0,0x0000000000000000
17:42:23.017,2340,8001,58,97,2,42.36,P0,0x0000000000000000
17:42:24.124,2340,8001,60,100,3,46.17,P0,0x0000000000000000
17:42:25.232,2340,8001,60,100,3,47.02,P0,0x0000000000000000
17:42:26.388,2340,8001,58,95,2,38.77,P0,0x0000000000000000
17:42:27.609,2340,8001,60,100,3,41.67,P0,0x0000000000000000
17:42:28.764,2340,8001,60,100,3,46.80,P0,0x0000000000000000
17:42:29.868,2340,8001,58,96,2,45.77,P0,0x0000000000000000
17:42:30.991,2340,8001,57,96,3,34.35,P0,0x0000000000000000
17:42:32.102,2340,8001,59,100,3,46.70,P0,0x0000000000000000
17:42:33.267,2340,8001,59,100,3,46.28,P0,0x0000000000000000
17:42:34.391,2340,7001,57,95,3,35.23,P3,0x0000000000000000
17:42:35.506,2340,8001,58,100,3,37.45,P0,0x0000000000000000
17:42:36.635,2340,8001,58,100,3,46.71,P0,0x0000000000000000
17:42:37.743,2340,7001,57,88,2,38.63,P3,0x0000000000000000
17:42:38.866,2340,8001,58,84,3,34.66,P0,0x0000000000000000
17:42:40.004,2340,8001,58,100,3,46.22,P0,0x0000000000000000
17:42:41.145,2340,8001,56,100,2,41.44,P0,0x0000000000000000
17:42:42.451,2340,7001,56,91,2,33.13,P3,0x0000000000000000
17:42:43.664,2340,8001,58,100,3,46.59,P0,0x0000000000000000
17:42:44.788,2340,8001,56,100,2,44.23,P0,0x0000000000000000
17:42:45.911,2340,8001,56,95,3,33.89,P0,0x0000000000000000
17:42:47.073,2340,8001,58,100,3,40.37,P0,0x0000000000000000
17:42:48.249,2340,8001,58,100,3,45.99,P0,0x0000000000000000
17:42:49.389,2340,7001,56,93,2,36.13,P3,0x0000000000000000
17:42:50.550,2340,8001,58,100,3,37.42,P0,0x0000000000000000
17:42:51.691,2340,8001,57,100,3,45.64,P0,0x0000000000000000
17:42:52.815,2340,7001,56,96,2,39.48,P3,0x0000000000000000
17:42:53.936,2340,8001,56,94,2,34.27,P0,0x0000000000000000
17:42:55.042,2340,8001,57,100,3,45.51,P0,0x0000000000000000
17:42:56.153,2340,8001,55,96,2,35.10,P0,0x0000000000000000
17:42:57.344,2340,7001,55,93,3,32.64,P3,0x0000000000000000
17:42:58.567,2340,8001,57,100,3,42.38,P0,0x0000000000000000
17:42:59.679,2340,8001,55,94,2,36.49,P0,0x0000000000000000
17:43:00.824,2340,7001,55,94,3,32.77,P3,0x0000000000000000
17:43:01.972,2340,8001,56,100,3,40.13,P0,0x0000000000000000
17:43:03.098,2340,8001,57,100,3,45.97,P0,0x0000000000000000
17:43:04.242,2340,7001,54,89,3,35.30,P3,0x0000000000000000
17:43:05.368,2340,8001,56,100,3,37.94,P0,0x0000000000000000
17:43:06.507,2340,8001,56,100,3,45.81,P0,0x0000000000000000
17:43:07.618,2340,8001,54,95,2,37.82,P0,0x0000000000000000
17:43:08.727,2340,8001,55,100,3,44.21,P0,0x0000000000000000
17:43:09.822,2340,8001,56,100,3,45.84,P0,0x0000000000000000
17:43:10.933,2340,8001,54,100,3,42.65,P0,0x0000000000000000
17:43:12.077,2340,8001,54,93,3,32.18,P0,0x0000000000000000
17:43:13.219,2340,8001,56,100,3,43.65,P0,0x0000000000000000
17:43:14.319,2340,8001,55,100,3,45.17,P0,0x0000000000000000
17:43:15.436,2340,7001,54,95,3,33.08,P3,0x0000000000000000
17:43:16.554,2340,8001,55,100,3,43.88,P0,0x0000000000000000
17:43:17.662,2340,8001,55,100,3,44.77,P0,0x0000000000000000
17:43:18.786,2340,8001,54,95,2,35.26,P0,0x0000000000000000
17:43:19.904,2340,8001,53,96,2,33.18,P0,0x0000000000000000
17:43:21.017,2340,8001,55,100,3,44.23,P0,0x0000000000000000
17:43:22.124,2340,8001,53,96,2,34.24,P0,0x0000000000000000
17:43:23.233,2340,8001,53,95,2,35.34,P0,0x0000000000000000
17:43:24.341,2340,8001,55,100,3,45.48,P0,0x0000000000000000
17:43:25.467,2340,8001,55,100,3,45.74,P0,0x0000000000000000
17:43:26.777,2340,8001,55,100,3,45.67,P0,0x0000000000000000
17:43:27.998,2340,7001,54,96,2,34.98,P3,0x0000000000000000
17:43:29.101,2340,8001,54,100,3,34.48,P0,0x0000000000000000
17:43:30.208,2340,8001,55,100,3,45.03,P0,0x0000000000000000
17:43:31.312,2340,8001,55,100,3,45.47,P0,0x0000000000000000
17:43:32.433,2340,8001,55,100,3,46.00,P0,0x0000000000000000
17:43:33.539,2340,8001,55,100,3,45.09,P0,0x0000000000000000
17:43:34.652,2340,8001,54,100,3,45.61,P0,0x0000000000000000
17:43:35.758,2340,7001,53,96,3,32.50,P3,0x0000000000000000
17:43:36.866,2340,8001,55,100,4,53.71,P0,0x0000000000000000
17:43:37.991,2340,8001,53,100,3,40.92,P0,0x0000000000000000
17:43:39.099,2340,7001,53,97,3,32.20,P3,0x0000000000000000
17:43:40.199,2340,8001,56,100,4,51.03,P0,0x0000000000000000
17:43:41.309,2340,7001,53,95,3,34.25,P3,0x0000000000000000
17:43:42.423,2340,8001,56,100,4,42.43,P0,0x0000000000000000
17:43:43.537,2340,8001,54,95,2,47.47,P0,0x0000000000000000
17:43:44.641,2340,8001,55,96,3,34.17,P0,0x0000000000000000
17:43:45.760,2340,8001,56,100,4,40.27,P0,0x0000000000000000
17:43:46.873,2340,7001,53,96,2,32.32,P3,0x0000000000000000
17:43:47.995,2340,8001,56,100,4,50.98,P0,0x0000000000000000
17:43:49.110,2340,8001,53,96,2,33.79,P0,0x0000000000000000
17:43:50.219,2340,8001,56,100,4,50.67,P0,0x0000000000000000
17:43:51.329,2340,8001,54,96,2,41.52,P0,0x0000000000000000
17:43:52.448,2340,7001,53,97,2,32.58,P3,0x0000000000000000
17:43:53.560,2340,8001,56,100,4,49.18,P0,0x0000000000000000
17:43:54.667,2340,7001,54,96,2,33.10,P3,0x0000000000000000
17:43:55.792,2340,8001,55,100,3,48.54,P0,0x0000000000000000
17:43:56.921,2340,8001,56,100,3,47.82,P0,0x0000000000000000
17:43:58.074,2340,7001,54,98,3,34.17,P3,0x0000000000000000
17:43:59.184,2340,8001,56,100,3,44.67,P0,0x0000000000000000
17:44:00.302,2340,8001,54,97,2,35.40,P0,0x0000000000000000
17:44:01.425,2340,7001,54,95,2,32.49,P3,0x0000000000000000
17:44:02.535,2340,8001,56,100,3,47.24,P0,0x0000000000000000
17:44:03.640,2340,7001,54,96,2,34.13,P3,0x0000000000000000
17:44:04.749,2340,8001,56,100,4,52.47,P0,0x0000000000000000
17:44:05.858,2340,8001,55,96,2,35.29,P0,0x0000000000000000
17:44:06.966,2340,7001,54,96,2,32.39,P3,0x0000000000000000
17:44:08.074,2340,8001,56,100,4,50.08,P0,0x0000000000000000
17:44:09.216,2340,7001,54,96,3,34.78,P3,0x0000000000000000
17:44:10.323,2340,8001,56,100,3,50.01,P0,0x0000000000000000
17:44:11.434,2340,8001,55,95,2,35.51,P0,0x0000000000000000
17:44:12.604,2340,7001,54,92,3,32.37,P3,0x0000000000000000
17:44:13.715,2340,8001,56,100,3,46.66,P0,0x0000000000000000
17:44:14.824,2340,8001,54,96,2,34.85,P0,0x0000000000000000
17:44:15.951,2340,8001,54,95,2,33.57,P0,0x0000000000000000
17:44:17.061,2340,8001,56,100,3,46.70,P0,0x0000000000000000
17:44:18.174,2340,7001,54,96,3,29.86,P3,0x0000000000000000
17:44:19.290,2340,8001,57,100,4,52.69,P0,0x0000000000000000
17:44:20.398,2340,8001,54,96,2,35.91,P0,0x0000000000000000
17:44:21.511,2340,8001,54,96,2,33.51,P0,0x0000000000000000
17:44:22.621,2340,8001,56,100,3,46.98,P0,0x0000000000000000
17:44:23.734,2340,8001,56,100,3,45.92,P0,0x0000000000000000
17:44:24.850,2340,8001,56,100,3,46.19,P0,0x0000000000000000
17:44:25.962,2340,8001,56,100,3,46.01,P0,0x0000000000000000
17:44:27.087,2340,8001,56,100,3,46.78,P0,0x0000000000000000
17:44:28.215,2340,8001,57,100,3,45.38,P0,0x0000000000000000
17:44:29.328,2340,8001,57,100,3,45.03,P0,0x0000000000000000
17:44:30.428,2340,8001,56,100,3,45.08,P0,0x0000000000000000
17:44:31.548,2340,8001,55,77,2,43.15,P0,0x0000000000000000
17:44:32.698,2340,8001,56,100,3,39.54,P0,0x0000000000000000
17:44:33.891,2340,8001,54,95,2,35.26,P0,0x0000000000000000
17:44:35.074,2340,8001,56,100,3,37.46,P0,0x0000000000000000
17:44:36.210,2340,8001,54,91,3,34.37,P0,0x0000000000000000
17:44:37.371,2340,8001,55,100,3,38.91,P0,0x0000000000000000
17:44:38.506,2340,8001,54,90,2,35.56,P0,0x0000000000000000
17:44:39.617,2340,8001,55,100,3,39.42,P0,0x0000000000000000
17:44:40.758,2340,8001,54,93,2,34.12,P0,0x0000000000000000
17:44:42.001,2340,8001,55,100,3,38.32,P0,0x0000000000000000
17:44:43.212,2340,8001,55,94,3,33.13,P0,0x0000000000000000
17:44:44.350,2340,8001,55,100,3,39.28,P0,0x0000000000000000
17:44:45.476,2340,8001,54,82,2,35.24,P0,0x0000000000000000
17:44:46.589,2340,8001,55,100,3,36.36,P0,0x0000000000000000
17:44:47.700,2340,8001,54,96,2,34.72,P0,0x0000000000000000
17:44:48.830,2340,8001,55,100,3,38.69,P0,0x0000000000000000
17:44:49.973,2340,8001,54,87,2,36.04,P0,0x0000000000000000
17:44:51.121,2340,8001,55,100,3,39.38,P0,0x0000000000000000
17:44:52.227,2340,8001,54,95,2,34.10,P0,0x0000000000000000
17:44:53.354,2340,8001,55,100,3,38.35,P0,0x0000000000000000
17:44:54.499,2340,8001,53,96,2,36.53,P0,0x0000000000000000
17:44:55.611,2340,8001,55,100,3,39.90,P0,0x0000000000000000
17:44:56.979,2340,8001,53,85,2,32.51,P0,0x0000000000000000
17:44:58.141,2340,8001,55,100,3,39.52,P0,0x0000000000000000
17:44:59.250,2340,8001,53,97,3,34.04,P0,0x0000000000000000
17:45:00.357,2340,8001,54,100,3,39.29,P0,0x0000000000000000
17:45:01.470,2340,8001,53,92,2,35.58,P0,0x0000000000000000
17:45:02.586,2340,8001,54,100,3,36.99,P0,0x0000000000000000
17:45:03.726,2340,8001,53,91,2,33.40,P0,0x0000000000000000
17:45:04.836,2340,8001,54,100,3,39.30,P0,0x0000000000000000
17:45:05.951,2340,8001,53,96,2,32.54,P0,0x0000000000000000
17:45:07.076,2340,8001,54,100,3,39.57,P0,0x0000000000000000
17:45:08.187,2340,8001,52,92,2,31.89,P0,0x0000000000000000
17:45:09.295,2340,8001,54,100,3,36.01,P0,0x0000000000000000
17:45:10.402,2340,8001,53,97,2,37.46,P0,0x0000000000000000
17:45:11.547,2340,8001,54,100,3,34.66,P0,0x0000000000000000
17:45:12.701,2340,8001,54,100,3,38.83,P0,0x0000000000000000
17:45:13.809,2340,8001,53,97,2,35.69,P0,0x0000000000000000
17:45:14.926,2340,8001,54,100,3,39.09,P0,0x0000000000000000
17:45:16.030,2340,8001,53,100,3,39.28,P0,0x0000000000000000
17:45:17.139,2340,8001,54,100,3,39.60,P0,0x0000000000000000
17:45:18.249,2340,8001,53,92,2,32.42,P0,0x0000000000000000
17:45:19.364,2340,8001,54,100,5,47.25,P0,0x0000000000000000
17:45:20.473,2340,8001,52,93,2,32.30,P0,0x0000000000000000
17:45:21.584,2340,8001,53,92,2,31.45,P0,0x0000000000000000
17:45:22.705,2340,8001,52,97,2,32.41,P0,0x0000000000000000
17:45:23.838,2340,8001,54,100,5,46.99,P0,0x0000000000000000
17:45:24.975,2340,8001,52,93,2,32.23,P0,0x0000000000000000
17:45:26.083,2340,8001,52,97,2,32.83,P0,0x0000000000000000
17:45:27.209,2340,8001,52,93,2,31.96,P0,0x0000000000000000
17:45:28.338,2340,8001,55,100,3,37.62,P0,0x0000000000000000
17:45:29.448,2340,8001,53,96,4,34.50,P0,0x0000000000000000
17:45:30.574,2340,8001,53,100,3,37.12,P0,0x0000000000000000
17:45:31.687,2340,8001,53,100,4,42.19,P0,0x0000000000000000
17:45:32.802,2340,8001,52,93,2,32.49,P0,0x0000000000000000
17:45:33.914,2340,8001,53,100,4,42.13,P0,0x0000000000000000
17:45:35.028,2340,8001,52,94,2,32.10,P0,0x0000000000000000
17:45:36.135,2340,8001,52,97,2,32.23,P0,0x0000000000000000
17:45:37.245,2340,8001,51,94,2,32.36,P0,0x0000000000000000
17:45:38.353,2340,8001,53,100,4,41.94,P0,0x0000000000000000
17:45:39.471,2340,8001,52,96,2,31.90,P0,0x0000000000000000
17:45:40.598,2340,8001,53,100,4,41.27,P0,0x0000000000000000
17:45:41.796,2340,8001,53,100,4,41.60,P0,0x0000000000000000
17:45:43.079,2340,8001,52,91,2,36.82,P0,0x0000000000000000
17:45:44.192,2340,8001,52,92,2,39.39,P0,0x0000000000000000
17:45:45.320,2340,8001,54,100,1,45.77,P0,0x0000000000000000
17:45:46.452,2340,8001,55,100,1,46.61,P0,0x0000000000000000
17:45:47.561,2340,8001,54,100,2,43.33,P0,0x0000000000000000
17:45:48.667,2340,8001,53,100,1,45.18,P0,0x0000000000000000
17:45:49.779,2340,8001,53,100,2,42.74,P0,0x0000000000000000
17:45:50.893,2340,8001,54,100,2,44.23,P0,0x0000000000000000
17:45:52.001,2340,8001,53,100,2,43.22,P0,0x0000000000000000
17:45:53.098,2340,8001,54,100,2,45.12,P0,0x0000000000000000
17:45:54.204,2340,8001,54,100,2,45.33,P0,0x0000000000000000
17:45:55.323,2340,8001,53,100,1,44.71,P0,0x0000000000000000
17:45:56.445,2340,8001,54,100,1,52.29,P0,0x0000000000000000
17:45:57.577,2340,8001,56,100,1,48.06,P0,0x0000000000000000
17:45:58.702,2340,8001,55,100,2,52.40,P0,0x0000000000000000
17:45:59.823,2340,8001,55,100,2,51.97,P0,0x0000000000000000
17:46:00.938,2340,8001,55,100,1,52.21,P0,0x0000000000000000
17:46:02.049,2340,8001,56,100,2,50.31,P0,0x0000000000000000
17:46:03.182,2340,8001,57,100,2,64.52,P0,0x0000000000000000
17:46:04.343,2340,8001,59,100,2,64.93,P0,0x0000000000000000
17:46:05.477,2340,8001,59,100,2,65.23,P0,0x0000000000000000
17:46:06.583,2340,8001,59,100,2,64.79,P0,0x0000000000000000
17:46:07.713,2340,8001,59,100,2,66.18,P0,0x0000000000000000
17:46:08.826,2340,8001,58,100,2,69.07,P0,0x0000000000000000
17:46:09.936,2340,8001,61,100,2,76.17,P0,0x0000000000000000
17:46:11.066,2340,8001,62,100,2,75.79,P0,0x0000000000000000
17:46:12.307,2340,8001,63,100,2,75.54,P0,0x0000000000000000
17:46:13.503,2340,8001,63,100,2,75.96,P0,0x0000000000000000
17:46:14.627,2340,8001,63,100,2,76.39,P0,0x0000000000000000
17:46:15.758,2340,8001,63,100,2,76.23,P0,0x0000000000000000
17:46:16.889,2340,8001,61,100,2,72.30,P0,0x0000000000000000
17:46:18.027,2340,8001,61,100,1,58.07,P0,0x0000000000000000
17:46:19.135,2340,8001,60,100,1,55.10,P0,0x0000000000000000
17:46:20.260,2340,8001,60,100,1,51.92,P0,0x0000000000000000
17:46:21.394,2340,8001,58,100,1,56.45,P0,0x0000000000000000
17:46:22.507,2340,8001,59,100,2,55.30,P0,0x0000000000000000
17:46:23.638,2340,8001,55,22,1,28.36,P0,0x0000000000000000
17:46:24.794,2340,8001,58,100,1,49.78,P0,0x0000000000000000
17:46:25.925,2340,8001,58,100,1,48.70,P0,0x0000000000000000
17:46:27.126,2340,8001,57,100,1,48.68,P0,0x0000000000000000
17:46:28.487,2340,8001,58,100,1,47.53,P0,0x0000000000000000
17:46:29.627,2340,8001,58,100,2,50.05,P0,0x0000000000000000
17:46:30.751,2340,8001,58,65,1,47.34,P0,0x0000000000000000
17:46:31.858,2340,8001,58,100,1,47.83,P0,0x0000000000000000
17:46:33.015,2340,8001,58,100,2,48.86,P0,0x0000000000000000
17:46:34.142,2340,8001,57,100,2,47.32,P0,0x0000000000000000
17:46:35.256,2340,8001,58,100,2,46.67,P0,0x0000000000000000
17:46:36.377,2340,8001,56,100,2,46.95,P0,0x0000000000000000
17:46:37.498,2340,8001,56,100,2,46.19,P0,0x0000000000000000
17:46:38.629,2340,8001,57,100,1,44.32,P0,0x0000000000000000
17:46:39.765,2340,8001,59,100,1,52.48,P0,0x0000000000000000
17:46:40.897,2340,8001,60,100,1,52.72,P0,0x0000000000000000
17:46:42.110,2340,8001,58,100,1,53.73,P0,0x0000000000000000
17:46:43.247,2340,8001,57,100,1,52.86,P0,0x0000000000000000
17:46:44.414,2340,8001,59,100,1,53.54,P0,0x0000000000000000
17:46:45.555,2340,8001,57,29,1,49.86,P0,0x0000000000000000
17:46:46.796,2340,8001,57,100,1,53.49,P0,0x0000000000000000
17:46:47.928,2340,8001,59,100,1,54.18,P0,0x0000000000000000
17:46:49.053,2340,8001,57,100,1,53.41,P0,0x0000000000000000
17:46:50.178,2340,8001,58,100,2,53.62,P0,0x0000000000000000
17:46:51.312,2340,8001,59,100,2,53.34,P0,0x0000000000000000
17:46:52.413,2340,8001,55,79,1,49.88,P0,0x0000000000000000
17:46:53.525,2340,8001,58,100,1,51.63,P0,0x0000000000000000
17:46:54.634,2340,8001,58,100,2,46.74,P0,0x0000000000000000
17:46:55.740,2340,8001,56,100,2,52.39,P0,0x0000000000000000
17:46:56.853,2340,8001,57,100,2,51.35,P0,0x0000000000000000
17:46:58.028,2340,8001,58,100,1,50.18,P0,0x0000000000000000
17:46:59.139,2340,8001,57,100,2,51.96,P0,0x0000000000000000
17:47:00.251,2340,8001,58,100,2,51.36,P0,0x0000000000000000
17:47:01.361,2340,8001,56,100,2,37.33,P0,0x0000000000000000
17:47:02.470,2340,8001,57,100,1,49.70,P0,0x0000000000000000
17:47:03.576,2340,8001,56,100,1,53.68,P0,0x0000000000000000
17:47:04.683,2340,8001,57,100,1,62.42,P0,0x0000000000000000
17:47:05.793,2340,8001,56,100,2,50.02,P0,0x0000000000000000
17:47:06.884,2340,8001,56,100,1,51.66,P0,0x0000000000000000
17:47:08.005,2340,8001,56,100,2,43.22,P0,0x0000000000000000
17:47:09.112,2340,8001,57,100,2,50.84,P0,0x0000000000000000
17:47:10.223,2340,8001,57,100,1,49.23,P0,0x0000000000000000
17:47:11.326,2340,8001,55,100,1,56.97,P0,0x0000000000000000
17:47:12.464,2340,8001,55,100,1,51.97,P0,0x0000000000000000
17:47:13.613,2340,8001,56,100,2,51.15,P0,0x0000000000000000
17:47:14.720,2340,8001,56,100,1,49.03,P0,0x0000000000000000
17:47:15.828,2340,8001,56,100,2,52.44,P0,0x0000000000000000
17:47:16.937,2340,8001,56,100,2,50.38,P0,0x0000000000000000
17:47:18.050,2340,8001,55,100,1,50.24,P0,0x0000000000000000
17:47:19.155,2340,8001,57,100,1,49.70,P0,0x0000000000000000
17:47:20.268,2340,8001,57,100,1,48.89,P0,0x0000000000000000
17:47:21.386,2340,8001,54,100,2,38.13,P0,0x0000000000000000
17:47:22.500,2340,8001,54,100,2,43.43,P0,0x0000000000000000
17:47:23.612,2340,8001,53,100,1,33.32,P0,0x0000000000000000
17:47:24.728,2340,8001,55,100,2,52.69,P0,0x0000000000000000
17:47:25.836,2340,8001,53,100,2,34.20,P0,0x0000000000000000
17:47:26.995,2340,8001,54,100,2,37.91,P0,0x0000000000000000
17:47:28.369,2340,8001,54,100,1,34.24,P0,0x0000000000000000
17:47:29.522,2340,8001,54,100,2,37.01,P0,0x0000000000000000
17:47:30.640,2340,8001,54,100,2,35.09,P0,0x0000000000000000
17:47:31.764,2340,8001,54,88,1,27.99,P0,0x0000000000000000
17:47:32.873,2340,8001,55,100,2,35.29,P0,0x0000000000000000
17:47:33.984,2340,8001,55,100,2,53.02,P0,0x0000000000000000
17:47:35.075,2340,8001,54,100,1,33.60,P0,0x0000000000000000
17:47:36.168,2340,8001,56,100,1,39.54,P0,0x0000000000000000
17:47:37.275,2340,8001,55,100,1,33.84,P0,0x0000000000000000
17:47:38.397,2340,8001,55,100,2,39.43,P0,0x0000000000000000
17:47:39.511,2340,8001,55,100,1,40.47,P0,0x0000000000000000
17:47:40.614,2340,8001,55,100,1,35.46,P0,0x0000000000000000
17:47:41.837,2340,8001,55,100,2,40.30,P0,0x0000000000000000
17:47:43.118,2340,8001,55,100,1,35.37,P0,0x0000000000000000
17:47:44.413,2340,8001,57,100,1,36.97,P0,0x0000000000000000
17:47:45.529,2340,8001,55,100,2,31.87,P0,0x0000000000000000
17:47:46.635,2340,8001,57,100,1,40.32,P0,0x0000000000000000
17:47:47.759,2340,8001,55,100,1,34.23,P0,0x0000000000000000
17:47:48.875,2340,8001,55,100,2,34.42,P0,0x0000000000000000
17:47:49.994,2340,8001,56,100,1,41.38,P0,0x0000000000000000
17:47:51.113,2340,8001,55,100,2,35.49,P0,0x0000000000000000
17:47:52.207,2340,8001,56,100,1,38.53,P0,0x0000000000000000
17:47:53.333,2340,8001,55,100,1,34.90,P0,0x0000000000000000
17:47:54.446,2340,8001,55,100,2,38.57,P0,0x0000000000000000
17:47:55.548,2340,8001,56,100,1,39.98,P0,0x0000000000000000
17:47:56.788,2340,8001,56,100,2,33.19,P0,0x0000000000000000
17:47:58.087,2340,8001,56,100,1,40.69,P0,0x0000000000000000
17:47:59.330,2340,8001,56,100,2,38.21,P0,0x0000000000000000
17:48:00.504,2340,8001,56,100,1,42.06,P0,0x0000000000000000
17:48:01.622,2340,8001,56,100,2,34.84,P0,0x0000000000000000
17:48:02.731,2340,8001,57,100,2,38.61,P0,0x0000000000000000
17:48:03.874,2340,8001,57,100,1,37.61,P0,0x0000000000000000
17:48:04.985,2340,8001,56,100,1,35.72,P0,0x0000000000000000
17:48:06.095,2340,8001,56,100,2,33.12,P0,0x0000000000000000
17:48:07.210,2340,8001,56,100,2,37.36,P0,0x0000000000000000
17:48:08.335,2340,8001,56,100,2,35.23,P0,0x0000000000000000
17:48:09.457,2340,8001,58,100,2,39.40,P0,0x0000000000000000
17:48:10.588,2340,8001,57,100,2,35.87,P0,0x0000000000000000
17:48:11.781,2340,8001,58,100,1,40.18,P0,0x0000000000000000
17:48:13.219,2340,8001,57,100,0,33.98,P0,0x0000000000000000
17:48:14.517,2340,8001,58,100,1,37.05,P0,0x0000000000000000
17:48:15.629,2340,8001,57,100,1,34.19,P0,0x0000000000000000
17:48:16.744,2340,8001,59,100,2,44.31,P0,0x0000000000000000
17:48:17.896,2340,8001,57,100,2,39.66,P0,0x0000000000000000
17:48:19.042,2340,8001,57,100,2,35.32,P0,0x0000000000000000
17:48:20.169,2340,8001,57,100,1,32.58,P0,0x0000000000000000
17:48:21.276,2340,8001,56,100,1,36.41,P0,0x0000000000000000
17:48:22.414,2340,8001,57,100,1,35.36,P0,0x0000000000000000
17:48:23.534,2340,7001,57,100,3,32.71,P3,0x0000000000000000
17:48:24.640,2340,8001,57,100,1,41.67,P0,0x0000000000000000
17:48:25.749,2340,8001,57,100,2,39.40,P0,0x0000000000000000
17:48:26.941,2340,8001,58,100,2,49.34,P0,0x0000000000000000
17:48:28.142,2340,8001,58,100,1,40.64,P0,0x0000000000000000
17:48:29.262,2340,8001,58,100,2,41.55,P0,0x0000000000000000
17:48:30.374,2340,8001,57,100,1,41.42,P0,0x0000000000000000
17:48:31.480,2340,8001,58,100,2,42.85,P0,0x0000000000000000
17:48:32.593,2340,8001,57,100,1,39.40,P0,0x0000000000000000
17:48:33.704,2340,8001,59,100,1,49.61,P0,0x0000000000000000
17:48:34.815,2340,8001,59,100,2,56.46,P0,0x0000000000000000
17:48:35.925,2340,8001,58,100,1,54.02,P0,0x0000000000000000
17:48:37.035,2340,8001,57,100,1,51.13,P0,0x0000000000000000
17:48:38.145,2340,8001,58,100,2,47.75,P0,0x0000000000000000
17:48:39.255,2340,8001,59,100,2,50.89,P0,0x0000000000000000
17:48:40.371,2340,8001,58,100,2,36.46,P0,0x0000000000000000
17:48:41.496,2340,8001,57,100,1,39.80,P0,0x0000000000000000
17:48:42.639,2340,8001,56,100,1,38.14,P0,0x0000000000000000
17:48:43.782,2340,8001,57,100,2,38.53,P0,0x0000000000000000
17:48:44.893,2340,8001,56,100,2,37.56,P0,0x0000000000000000
17:48:46.006,2340,8001,56,100,2,40.26,P0,0x0000000000000000
17:48:47.114,2340,8001,57,100,2,34.13,P0,0x0000000000000000
17:48:48.221,2340,8001,58,100,1,47.02,P0,0x0000000000000000
17:48:49.333,2340,8001,57,100,1,41.75,P0,0x0000000000000000
17:48:50.444,2340,8001,57,100,2,46.30,P0,0x0000000000000000
17:48:51.554,2340,8001,58,100,2,43.86,P0,0x0000000000000000
17:48:52.664,2340,8001,58,100,1,68.94,P0,0x0000000000000000
17:48:53.772,2340,8001,56,30,1,45.35,P0,0x0000000000000000
17:48:54.900,2340,8001,58,100,2,46.09,P0,0x0000000000000000
17:48:56.032,2340,8001,57,100,2,37.61,P0,0x0000000000000000
17:48:57.222,2340,8001,58,100,1,42.22,P0,0x0000000000000000
17:48:58.615,2340,8001,58,100,2,41.52,P0,0x0000000000000000
17:48:59.924,2340,8001,58,100,1,41.98,P0,0x0000000000000000
17:49:01.047,2340,8001,59,100,2,41.80,P0,0x0000000000000000
17:49:02.156,2340,8001,58,100,1,37.54,P0,0x0000000000000000
17:49:03.269,2340,8001,59,100,2,48.44,P0,0x0000000000000000
17:49:04.377,2340,8001,60,100,2,55.98,P0,0x0000000000000000
17:49:05.493,2340,8001,60,100,2,56.64,P0,0x0000000000000000
17:49:06.604,2340,8001,61,100,1,57.01,P0,0x0000000000000000
17:49:07.740,2340,8001,60,100,1,56.28,P0,0x0000000000000000
17:49:08.831,2340,8001,61,100,1,52.62,P0,0x0000000000000000
17:49:09.940,2340,8001,60,100,1,52.96,P0,0x0000000000000000
17:49:11.043,2340,8001,59,100,2,46.39,P0,0x0000000000000000
17:49:12.357,2340,8001,58,100,1,44.34,P0,0x0000000000000000
17:49:13.502,2340,8001,58,100,2,46.15,P0,0x0000000000000000
17:49:14.635,2340,8001,58,100,2,49.24,P0,0x0000000000000000
17:49:15.736,2340,8001,58,100,1,47.62,P0,0x0000000000000000
17:49:16.850,2340,8001,58,100,2,46.40,P0,0x0000000000000000
17:49:17.960,2340,8001,58,100,2,48.24,P0,0x0000000000000000
17:49:19.071,2340,8001,62,100,2,74.08,P0,0x0000000000000000
17:49:20.195,2340,8001,62,100,2,67.63,P0,0x0000000000000000
17:49:21.312,2340,8001,61,100,2,59.92,P0,0x0000000000000000
17:49:22.425,2340,8001,62,100,2,71.42,P0,0x0000000000000000
17:49:23.533,2340,8001,62,100,2,69.24,P0,0x0000000000000000
17:49:24.650,2340,8001,61,36,1,58.45,P0,0x0000000000000000
17:49:25.763,2340,8001,62,100,2,58.00,P0,0x0000000000000000
17:49:26.922,2340,8001,60,100,1,55.54,P0,0x0000000000000000
17:49:28.060,2340,8001,60,100,0,53.50,P0,0x0000000000000000
17:49:29.175,2340,8001,60,100,1,58.49,P0,0x0000000000000000
17:49:30.295,2340,8001,61,100,1,53.48,P0,0x0000000000000000
17:49:31.406,2340,8001,61,100,1,51.56,P0,0x0000000000000000
17:49:32.515,2340,8001,57,15,1,41.41,P0,0x0000000000000000
17:49:33.618,2340,8001,59,100,3,49.08,P0,0x0000000000000000
17:49:34.725,2340,8001,59,100,2,49.36,P0,0x0000000000000000
17:49:35.833,2340,8001,59,100,2,49.22,P0,0x0000000000000000
17:49:36.943,2340,8001,59,100,2,48.80,P0,0x0000000000000000
17:49:38.064,2340,8001,59,100,2,48.57,P0,0x0000000000000000
17:49:39.173,2340,8001,59,100,2,48.76,P0,0x0000000000000000
17:49:40.278,2340,8001,59,100,2,48.29,P0,0x0000000000000000
17:49:41.414,2340,8001,59,100,2,44.16,P0,0x0000000000000000
17:49:42.547,2340,8001,59,100,3,48.25,P0,0x0000000000000000
17:49:43.691,2340,8001,59,100,2,48.79,P0,0x0000000000000000
17:49:44.804,2340,8001,59,100,2,47.51,P0,0x0000000000000000
17:49:45.930,2340,8001,59,100,2,48.40,P0,0x0000000000000000
17:49:47.044,2340,8001,59,100,2,48.53,P0,0x0000000000000000
17:49:48.152,2340,8001,59,100,2,48.14,P0,0x0000000000000000
17:49:49.260,2340,8001,59,100,2,49.03,P0,0x0000000000000000
17:49:50.372,2340,8001,59,100,2,49.47,P0,0x0000000000000000
17:49:51.487,2340,8001,59,100,2,48.81,P0,0x0000000000000000
17:49:52.603,2340,8001,59,100,2,48.60,P0,0x0000000000000000
17:49:53.716,2340,8001,59,100,2,48.32,P0,0x0000000000000000
17:49:54.835,2340,8001,59,100,2,49.24,P0,0x0000000000000000
17:49:55.948,2340,8001,59,100,2,49.04,P0,0x0000000000000000
17:49:57.059,2340,8001,59,100,2,49.07,P0,0x0000000000000000
17:49:58.183,2340,8001,59,100,2,49.10,P0,0x0000000000000000
17:49:59.299,2340,8001,59,100,2,49.94,P0,0x0000000000000000
17:50:00.412,2340,8001,59,100,2,48.63,P0,0x0000000000000000
17:50:01.539,2340,8001,59,100,2,49.04,P0,0x0000000000000000
17:50:02.656,2340,8001,59,100,2,49.33,P0,0x0000000000000000
17:50:03.785,2340,8001,59,100,2,50.38,P0,0x0000000000000000
17:50:04.897,2340,8001,59,100,3,48.61,P0,0x0000000000000000
17:50:06.004,2340,8001,59,100,2,48.74,P0,0x0000000000000000
17:50:07.115,2340,8001,59,100,2,48.62,P0,0x0000000000000000
17:50:08.225,2340,8001,59,100,2,49.40,P0,0x0000000000000000
17:50:09.332,2340,8001,58,100,3,49.03,P0,0x0000000000000000
17:50:10.440,2340,8001,58,100,2,48.19,P0,0x0000000000000000
17:50:11.549,2340,8001,58,100,2,48.15,P0,0x0000000000000000
17:50:12.652,2340,8001,58,100,2,48.39,P0,0x0000000000000000
17:50:13.767,2340,8001,58,100,3,48.84,P0,0x0000000000000000
17:50:14.881,2340,8001,58,100,2,48.02,P0,0x0000000000000000
17:50:15.982,2340,8001,58,100,3,48.46,P0,0x0000000000000000
17:50:17.096,2340,8001,58,100,2,47.31,P0,0x0000000000000000
17:50:18.199,2340,8001,58,100,2,48.13,P0,0x0000000000000000
17:50:19.305,2340,8001,58,100,2,47.64,P0,0x0000000000000000
17:50:20.399,2340,8001,58,100,2,47.12,P0,0x0000000000000000
17:50:21.511,2340,8001,58,100,2,48.67,P0,0x0000000000000000
17:50:22.630,2340,8001,58,100,3,64.92,P0,0x0000000000000000
17:50:23.754,2340,8001,58,100,2,48.38,P0,0x0000000000000000
17:50:24.864,2340,8001,58,100,2,48.48,P0,0x0000000000000000
17:50:25.967,2340,8001,58,100,2,48.47,P0,0x0000000000000000
17:50:27.247,2340,8001,55,14,1,25.38,P0,0x0000000000000000
17:50:28.573,2340,8001,55,3,1,24.68,P0,0x0000000000000000
17:50:29.681,495,810,53,10,10,11.26,P5,0x0000000000000001
17:50:30.798,345,405,53,8,16,8.50,P8,0x0000000000000001
17:50:31.905,240,405,53,10,15,8.44,P8,0x0000000000000001
17:50:33.020,210,405,53,11,18,8.43,P8,0x0000000000000001
17:50:34.126,210,405,53,11,17,8.52,P8,0x0000000000000001
17:50:35.229,210,405,53,11,14,8.38,P8,0x0000000000000001
17:50:36.332,210,405,52,12,16,8.33,P8,0x0000000000000001
17:50:37.436,210,405,52,11,15,8.29,P8,0x0000000000000001
17:50:38.544,210,405,52,11,19,8.32,P8,0x0000000000000001
17:50:39.648,210,405,52,16,16,8.29,P8,0x0000000000000001
17:50:40.753,210,405,52,7,21,8.34,P8,0x0000000000000001
17:50:41.857,210,405,51,7,21,8.33,P8,0x0000000000000001
17:50:42.968,210,405,51,11,22,8.24,P8,0x0000000000000001
17:50:44.084,210,405,51,12,17,8.21,P8,0x0000000000000001
17:50:45.189,210,405,51,11,18,8.19,P8,0x0000000000000001
17:50:46.292,210,405,51,12,21,8.28,P8,0x0000000000000001
17:50:47.397,210,405,51,11,14,8.09,P8,0x0000000000000001
17:50:48.531,210,405,51,15,16,8.14,P8,0x0000000000000001
17:50:49.644,210,405,51,11,21,8.26,P8,0x0000000000000001
17:50:50.747,210,405,51,15,17,8.17,P8,0x0000000000000001
17:50:51.852,210,405,51,11,16,8.13,P8,0x0000000000000001
17:50:52.961,210,405,51,11,16,8.10,P8,0x0000000000000001
17:50:54.065,210,405,51,16,18,8.92,P8,0x0000000000000001
17:50:55.170,210,405,51,11,18,8.24,P8,0x0000000000000001
17:50:56.275,210,405,50,15,18,8.14,P8,0x0000000000000001
17:50:57.380,210,405,50,7,16,8.04,P8,0x0000000000000001
17:50:58.484,210,405,50,7,21,8.19,P8,0x0000000000000001
17:50:59.594,210,405,50,11,18,8.10,P8,0x0000000000000001
17:51:00.698,210,405,50,10,17,8.07,P8,0x0000000000000001
17:51:01.799,210,405,50,11,18,8.17,P8,0x0000000000000001
17:51:02.908,210,405,50,11,18,8.09,P8,0x0000000000000001
17:51:04.033,210,405,50,11,17,8.15,P8,0x0000000000000001
17:51:05.137,210,405,50,15,18,8.09,P8,0x0000000000000001
17:51:06.240,210,405,50,7,21,8.19,P8,0x0000000000000001
17:51:07.349,210,405,50,7,15,8.09,P8,0x0000000000000001
17:51:08.471,210,405,50,7,15,8.16,P8,0x0000000000000001
17:51:09.578,210,405,50,7,21,8.17,P8,0x0000000000000001
17:51:10.700,210,405,50,11,19,8.14,P8,0x0000000000000001
17:51:11.816,210,405,50,11,16,8.04,P8,0x0000000000000001
17:51:12.934,210,405,50,11,20,8.12,P8,0x0000000000000001
17:51:14.034,210,405,50,11,20,8.14,P8,0x0000000000000001
17:51:15.135,210,405,50,11,20,8.14,P8,0x0000000000000001
17:51:16.239,210,405,50,16,18,8.13,P8,0x0000000000000001
17:51:17.347,210,405,50,11,16,8.10,P8,0x0000000000000001
17:51:18.452,210,405,50,6,21,8.16,P8,0x0000000000000001
17:51:19.551,210,405,51,7,21,8.23,P8,0x0000000000000001
17:51:20.664,210,405,51,7,18,8.10,P8,0x0000000000000001
17:51:21.766,210,405,51,11,19,8.19,P8,0x0000000000000001
17:51:22.880,210,405,51,11,20,8.20,P8,0x0000000000000001
17:51:23.984,210,405,51,11,18,8.23,P8,0x0000000000000001
17:51:25.088,210,405,51,15,19,8.46,P8,0x0000000000000001
17:51:26.199,210,405,51,11,21,8.20,P8,0x0000000000000001
17:51:27.323,210,405,51,15,17,8.20,P8,0x0000000000000001
17:51:28.436,210,405,51,8,21,8.18,P8,0x0000000000000001
17:51:29.538,210,405,51,7,18,8.17,P8,0x0000000000000001
17:51:30.643,210,405,51,16,18,8.25,P8,0x0000000000000001
17:51:31.746,210,405,51,11,18,8.18,P8,0x0000000000000001
17:51:32.852,210,405,51,16,22,8.23,P8,0x0000000000000001
17:51:33.968,210,405,51,16,20,8.17,P8,0x0000000000000001
17:51:35.089,210,405,51,7,18,8.15,P8,0x0000000000000001
17:51:36.192,210,405,51,11,18,8.18,P8,0x0000000000000001
17:51:37.298,210,405,51,12,17,8.19,P8,0x0000000000000001
17:51:38.402,210,405,51,11,18,8.19,P8,0x0000000000000001
17:51:39.512,210,405,51,12,19,8.31,P8,0x0000000000000001
17:51:40.630,210,405,51,11,16,8.16,P8,0x0000000000000001
17:51:41.736,210,405,51,11,20,8.26,P8,0x0000000000000001
17:51:42.836,210,405,51,11,19,8.23,P8,0x0000000000000001
17:51:43.945,210,405,51,11,19,8.25,P8,0x0000000000000001
17:51:45.057,210,405,51,11,18,8.21,P8,0x0000000000000001
17:51:46.179,210,405,51,11,20,8.27,P8,0x0000000000000001
17:51:47.303,210,405,51,16,20,8.30,P8,0x0000000000000001
17:51:48.417,210,405,51,11,18,8.24,P8,0x0000000000000001
17:51:49.518,210,405,51,11,21,8.32,P8,0x0000000000000001
17:51:50.621,210,405,51,11,21,8.25,P8,0x0000000000000001
17:51:51.740,210,405,51,7,22,8.52,P8,0x0000000000000001
17:51:52.854,210,405,51,16,20,8.23,P8,0x0000000000000001
17:51:53.955,210,405,51,11,20,8.17,P8,0x0000000000000001
17:51:55.068,210,405,51,11,18,8.35,P8,0x0000000000000001
17:51:56.183,210,405,52,12,19,8.24,P8,0x0000000000000001
17:51:57.284,210,405,52,11,19,8.29,P8,0x0000000000000001
17:51:58.393,210,405,52,11,20,8.29,P8,0x0000000000000001
17:51:59.498,210,405,52,11,20,8.21,P8,0x0000000000000001
17:52:00.603,210,405,52,14,19,8.26,P8,0x0000000000000001
17:52:01.722,210,405,52,12,19,8.36,P8,0x0000000000000001
17:52:02.856,210,405,52,11,17,8.25,P8,0x0000000000000001
17:52:03.964,210,405,52,12,22,8.31,P8,0x0000000000000001
17:52:05.080,210,405,52,11,20,8.37,P8,0x0000000000000001
17:52:06.202,210,405,52,7,16,8.25,P8,0x0000000000000001
17:52:07.304,210,405,52,13,19,8.36,P8,0x0000000000000001
17:52:08.412,210,405,52,9,23,8.40,P8,0x0000000000000001
17:52:09.522,210,405,52,7,19,8.36,P8,0x0000000000000001
17:52:10.630,210,405,52,13,17,8.27,P8,0x0000000000000001
17:52:11.763,210,405,51,8,23,8.40,P8,0x0000000000000001
17:52:12.874,210,405,51,16,23,8.47,P8,0x0000000000000001
17:52:13.981,210,405,51,11,19,8.39,P8,0x0000000000000001
17:52:15.083,210,405,51,11,23,8.30,P8,0x0000000000000001
17:52:16.177,210,405,51,11,24,8.28,P8,0x0000000000000001
17:52:17.281,210,405,51,12,22,8.40,P8,0x0000000000000001
17:52:18.394,210,405,51,11,18,8.30,P8,0x0000000000000001
17:52:19.492,210,405,51,11,17,8.21,P8,0x0000000000000001
17:52:20.605,210,405,51,11,19,8.27,P8,0x0000000000000001
17:52:21.706,210,405,51,11,21,8.29,P8,0x0000000000000001
17:52:22.822,210,405,51,11,18,8.20,P8,0x0000000000000001
17:52:23.935,210,405,51,11,23,8.45,P8,0x0000000000000001
17:52:25.042,210,405,51,11,22,8.26,P8,0x0000000000000001
17:52:26.145,210,405,51,11,19,8.27,P8,0x0000000000000001
17:52:27.250,210,405,51,7,19,8.24,P8,0x0000000000000001
17:52:28.350,210,405,51,7,16,8.24,P8,0x0000000000000001
17:52:29.455,210,405,51,11,19,8.30,P8,0x0000000000000001
17:52:30.560,210,405,51,11,23,8.27,P8,0x0000000000000001
17:52:31.666,210,405,51,11,21,8.27,P8,0x0000000000000001
17:52:32.780,210,405,51,7,19,8.77,P8,0x0000000000000001
17:52:33.881,210,405,51,7,19,8.24,P8,0x0000000000000001
17:52:34.985,210,405,51,11,20,8.31,P8,0x0000000000000001
17:52:36.093,210,405,51,11,23,8.33,P8,0x0000000000000001
17:52:37.195,210,405,51,11,16,8.23,P8,0x0000000000000001
17:52:38.299,210,405,51,16,20,8.31,P8,0x0000000000000001
17:52:39.411,210,405,51,11,17,8.23,P8,0x0000000000000001
17:52:40.521,210,405,52,11,18,8.20,P8,0x0000000000000001
17:52:41.640,210,405,52,11,24,8.29,P8,0x0000000000000001
17:52:42.744,210,405,52,11,17,8.22,P8,0x0000000000000001
17:52:43.848,210,405,52,16,22,8.31,P8,0x0000000000000001
17:52:44.951,210,405,52,11,23,8.34,P8,0x0000000000000001
17:52:46.054,210,405,52,16,21,8.31,P8,0x0000000000000001
17:52:47.160,210,405,52,11,24,8.28,P8,0x0000000000000001
17:52:48.266,210,405,52,7,19,8.31,P8,0x0000000000000001
17:52:49.376,210,405,52,16,20,8.35,P8,0x0000000000000001
17:52:50.498,210,405,52,7,16,8.18,P8,0x0000000000000001
17:52:51.604,210,405,52,12,22,8.33,P8,0x0000000000000001
17:52:52.711,210,405,52,11,17,8.24,P8,0x0000000000000001
17:52:53.815,210,405,52,11,17,8.20,P8,0x0000000000000001
17:52:54.933,210,405,52,11,23,9.04,P8,0x0000000000000001
17:52:56.045,210,405,52,6,19,8.23,P8,0x0000000000000001
17:52:57.156,210,405,52,10,22,8.32,P8,0x0000000000000001
17:52:58.261,210,405,51,11,19,8.18,P8,0x0000000000000001
17:52:59.361,210,405,52,11,24,8.22,P8,0x0000000000000001
17:53:00.466,210,405,52,14,20,8.23,P8,0x0000000000000001
17:53:01.574,210,405,52,11,17,8.26,P8,0x0000000000000001
17:53:02.683,210,405,52,11,23,8.37,P8,0x0000000000000001
17:53:03.786,210,405,51,11,23,8.28,P8,0x0000000000000001
17:53:04.890,210,405,51,11,17,8.22,P8,0x0000000000000001
17:53:05.992,210,405,52,11,19,8.18,P8,0x0000000000000001
17:53:07.101,210,405,51,11,19,8.30,P8,0x0000000000000001
17:53:08.225,210,405,51,7,16,8.12,P8,0x0000000000000001
17:53:09.339,210,405,51,12,17,8.22,P8,0x0000000000000001
17:53:10.441,210,405,51,12,23,8.38,P8,0x0000000000000001
17:53:11.549,210,405,51,12,17,8.20,P8,0x0000000000000001
17:53:12.633,210,405,51,11,17,8.15,P8,0x0000000000000001
17:53:13.748,210,405,51,12,20,8.26,P8,0x0000000000000001
17:53:14.868,210,405,51,11,19,8.20,P8,0x0000000000000001
17:53:15.970,210,405,51,6,19,8.24,P8,0x0000000000000001
17:53:17.087,210,405,51,11,19,8.25,P8,0x0000000000000001
17:53:18.191,210,405,51,7,23,8.29,P8,0x0000000000000001
17:53:19.294,210,405,51,7,19,8.19,P8,0x0000000000000001
17:53:20.426,210,405,51,11,18,8.16,P8,0x0000000000000001
17:53:21.543,210,405,51,6,16,8.14,P8,0x0000000000000001
17:53:22.661,210,405,51,7,23,8.27,P8,0x0000000000000001
17:53:23.766,210,405,51,11,20,8.18,P8,0x0000000000000001
17:53:24.871,210,405,51,11,17,8.19,P8,0x0000000000000001
17:53:25.978,210,405,51,15,21,8.26,P8,0x0000000000000001
17:53:27.091,210,405,51,11,17,8.16,P8,0x0000000000000001
17:53:28.204,210,405,51,6,19,8.17,P8,0x0000000000000001
17:53:29.329,210,405,51,6,19,8.17,P8,0x0000000000000001
17:53:30.433,210,405,51,7,23,8.29,P8,0x0000000000000001
17:53:31.540,210,405,51,7,23,8.34,P8,0x0000000000000001
17:53:32.654,210,405,51,12,17,8.24,P8,0x0000000000000001
17:53:33.782,210,405,51,16,21,8.30,P8,0x0000000000000001
17:53:34.888,210,405,51,10,20,8.32,P8,0x0000000000000001
17:53:35.999,210,405,52,11,17,8.20,P8,0x0000000000000001
17:53:37.124,210,405,52,7,16,8.14,P8,0x0000000000000001
17:53:38.254,210,405,52,11,19,8.28,P8,0x0000000000000001
17:53:39.386,210,405,52,7,16,8.26,P8,0x0000000000000001
17:53:40.484,210,405,52,11,24,8.29,P8,0x0000000000000001
17:53:41.586,210,405,52,7,16,8.27,P8,0x0000000000000001
17:53:42.693,210,405,52,7,20,8.29,P8,0x0000000000000001
17:53:43.812,210,405,52,5,16,8.28,P8,0x0000000000000001
17:53:44.933,210,405,52,12,19,8.29,P8,0x0000000000000001
17:53:46.040,210,405,53,11,20,8.34,P8,0x0000000000000001
17:53:47.145,210,405,53,11,23,8.35,P8,0x0000000000000001
17:53:48.264,210,405,53,11,23,8.40,P8,0x0000000000000001
17:53:49.369,210,405,53,7,19,8.37,P8,0x0000000000000001
17:53:50.470,210,405,53,7,16,8.40,P8,0x0000000000000001
17:53:51.578,210,405,53,16,22,8.41,P8,0x0000000000000001
17:53:52.681,210,405,53,12,17,8.39,P8,0x0000000000000001
17:53:53.788,210,405,53,12,21,8.39,P8,0x0000000000000001
17:53:54.889,210,405,53,11,21,8.41,P8,0x0000000000000001
17:53:55.995,210,405,53,11,19,8.34,P8,0x0000000000000001
17:53:57.097,210,405,53,16,20,8.35,P8,0x0000000000000001
17:53:58.205,210,405,52,11,17,8.35,P8,0x0000000000000001
17:53:59.313,210,405,52,7,24,8.36,P8,0x0000000000000001
17:54:00.417,210,405,52,10,21,8.37,P8,0x0000000000000001
17:54:01.520,210,405,52,7,20,8.31,P8,0x0000000000000001
17:54:02.638,210,405,52,10,20,8.29,P8,0x0000000000000001
17:54:03.740,210,405,52,12,17,8.21,P8,0x0000000000000001
17:54:04.858,210,405,52,11,21,8.25,P8,0x0000000000000001
17:54:05.962,210,405,52,8,22,8.15,P8,0x0000000000000001
17:54:07.075,210,405,52,7,22,8.17,P8,0x0000000000000001
17:54:08.180,210,405,52,32,19,8.06,P8,0x0000000000000001
17:54:09.286,210,405,51,11,17,8.28,P8,0x0000000000000001
17:54:10.392,210,405,51,7,24,8.25,P8,0x0000000000000001
17:54:11.496,210,405,51,11,23,8.29,P8,0x0000000000000001
17:54:12.617,210,405,51,7,20,8.12,P8,0x0000000000000001
17:54:13.721,210,405,50,16,20,8.22,P8,0x0000000000000001
17:54:14.827,210,405,50,9,24,8.13,P8,0x0000000000000001
17:54:15.931,210,405,50,8,20,8.15,P8,0x0000000000000001
17:54:17.038,210,405,50,16,18,8.08,P8,0x0000000000000001
17:54:18.143,210,405,50,11,21,8.05,P8,0x0000000000000001
17:54:19.243,210,405,50,12,18,8.01,P8,0x0000000000000001
17:54:20.350,210,405,50,12,17,7.93,P8,0x0000000000000001
17:54:21.457,210,405,49,7,16,7.94,P8,0x0000000000000001
17:54:22.571,210,405,49,11,23,8.10,P8,0x0000000000000001
17:54:23.673,210,405,49,12,23,8.12,P8,0x0000000000000001
17:54:24.779,210,405,49,12,23,7.96,P8,0x0000000000000001
17:54:25.898,210,405,49,7,20,7.93,P8,0x0000000000000001
17:54:27.005,210,405,49,12,24,7.95,P8,0x0000000000000001
17:54:28.331,210,405,49,6,19,7.68,P8,0x0000000000000001
17:54:29.475,210,405,49,10,23,7.72,P8,0x0000000000000001
17:54:30.576,210,405,49,7,18,7.81,P8,0x0000000000000001
17:54:31.676,210,405,49,12,22,7.89,P8,0x0000000000000001
17:54:32.780,210,405,49,11,21,7.92,P8,0x0000000000000001
17:54:33.897,210,405,49,11,21,7.89,P8,0x0000000000000001
17:54:35.000,210,405,49,11,22,7.92,P8,0x0000000000000001
17:54:36.107,210,405,48,11,19,7.88,P8,0x0000000000000001
17:54:37.209,210,405,48,7,24,7.89,P8,0x0000000000000001
17:54:38.318,210,405,48,7,17,7.80,P8,0x0000000000000001
17:54:39.431,210,405,48,12,20,7.95,P8,0x0000000000000001
17:54:40.541,210,405,48,12,21,7.88,P8,0x0000000000000001
17:54:41.644,210,405,48,11,22,7.85,P8,0x0000000000000001
17:54:42.772,210,405,48,7,17,7.77,P8,0x0000000000000001
17:54:43.880,210,405,48,11,20,7.74,P8,0x0000000000000001
17:54:44.982,210,405,48,16,21,7.84,P8,0x0000000000000001
17:54:46.085,210,405,48,12,21,7.94,P8,0x0000000000000001
17:54:47.210,210,405,47,11,20,7.77,P8,0x0000000000000001
17:54:48.328,210,405,47,7,17,7.66,P8,0x0000000000000001
17:54:49.433,210,405,47,10,24,7.79,P8,0x0000000000000001
17:54:50.536,210,405,47,11,19,7.72,P8,0x0000000000000001
17:54:51.643,210,405,47,7,24,7.77,P8,0x0000000000000001
17:54:52.763,210,405,47,7,20,7.68,P8,0x0000000000000001
17:54:53.867,210,405,47,11,20,7.73,P8,0x0000000000000001
17:54:54.973,210,405,47,8,20,7.72,P8,0x0000000000000001
17:54:56.076,210,405,47,16,22,7.70,P8,0x0000000000000001
17:54:57.178,210,405,47,7,20,7.72,P8,0x0000000000000001
17:54:58.279,210,405,47,7,17,7.71,P8,0x0000000000000001
17:54:59.388,210,405,47,7,24,7.77,P8,0x0000000000000001
17:55:00.492,210,405,47,7,17,7.60,P8,0x0000000000000001
17:55:01.606,210,405,47,7,20,7.65,P8,0x0000000000000001
17:55:02.720,210,405,47,12,19,7.65,P8,0x0000000000000001
17:55:03.825,210,405,47,11,19,7.55,P8,0x0000000000000001
17:55:04.925,210,405,47,12,20,7.60,P8,0x0000000000000001
17:55:06.028,210,405,47,11,19,7.65,P8,0x0000000000000001
17:55:07.136,210,405,47,12,18,7.59,P8,0x0000000000000001
17:55:08.238,210,405,47,7,17,7.48,P8,0x0000000000000001
17:55:09.344,210,405,47,7,20,7.63,P8,0x0000000000000001
17:55:10.450,210,405,47,7,17,7.53,P8,0x0000000000000001
17:55:11.557,210,405,47,12,19,7.61,P8,0x0000000000000001
17:55:12.659,210,405,47,11,23,7.59,P8,0x0000000000000001
17:55:13.761,210,405,46,12,22,7.61,P8,0x0000000000000001
17:55:14.869,210,405,46,11,21,7.61,P8,0x0000000000000001
17:55:15.979,210,405,46,14,20,7.59,P8,0x0000000000000001
17:55:17.082,210,405,46,12,23,7.61,P8,0x0000000000000001
17:55:18.188,210,405,46,16,21,7.58,P8,0x0000000000000001
17:55:19.291,210,405,46,11,21,7.59,P8,0x0000000000000001
17:55:20.400,210,405,46,7,24,7.60,P8,0x0000000000000001
17:55:21.504,210,405,46,12,23,7.61,P8,0x0000000000000001
17:55:22.611,210,405,46,7,17,7.59,P8,0x0000000000000001
17:55:23.713,210,405,46,11,23,7.54,P8,0x0000000000000001
17:55:24.814,210,405,46,11,24,7.53,P8,0x0000000000000001
17:55:25.927,210,405,46,11,22,7.58,P8,0x0000000000000001
17:55:27.030,210,405,46,16,21,7.51,P8,0x0000000000000001
17:55:28.146,210,405,46,11,18,7.45,P8,0x0000000000000001
17:55:29.248,210,405,46,11,20,7.48,P8,0x0000000000000001
17:55:30.620,210,405,46,7,24,7.55,P8,0x0000000000000001
17:55:31.793,2115,8001,47,3,1,19.86,P0,0x0000000000000001
17:55:32.898,2115,8001,47,3,1,19.93,P0,0x0000000000000001
17:55:34.013,555,810,47,3,1,19.94,P5,0x0000000000000001
17:55:35.126,390,810,46,5,12,11.09,P5,0x0000000000000001
17:55:36.229,225,405,46,11,22,9.13,P8,0x0000000000000001
17:55:37.334,210,405,46,11,23,7.52,P8,0x0000000000000001
17:55:38.440,210,405,46,15,19,7.47,P8,0x0000000000000001
17:55:39.556,210,405,46,7,17,7.49,P8,0x0000000000000001
17:55:40.668,210,405,46,7,25,7.50,P8,0x0000000000000001
17:55:41.777,210,405,46,11,23,7.51,P8,0x0000000000000001
17:55:42.891,210,405,46,11,23,7.52,P8,0x0000000000000001
17:55:44.006,210,405,46,7,25,7.50,P8,0x0000000000000001
17:55:45.121,210,405,46,7,22,7.60,P8,0x0000000000000001
17:55:46.223,210,405,46,12,23,7.51,P8,0x0000000000000001
17:55:47.330,210,405,46,11,26,7.54,P8,0x0000000000000001
17:55:48.440,210,405,46,12,26,7.55,P8,0x0000000000000001
17:55:49.540,210,405,46,12,25,7.54,P8,0x0000000000000001
17:55:50.646,210,405,46,12,24,7.68,P8,0x0000000000000001
17:55:51.749,210,405,46,11,24,7.59,P8,0x0000000000000001
17:55:52.861,210,405,46,11,26,7.60,P8,0x0000000000000001
17:55:53.963,210,405,46,7,22,7.48,P8,0x0000000000000001
17:55:55.075,210,405,46,7,26,7.55,P8,0x0000000000000001
17:55:56.181,210,405,45,7,26,7.59,P8,0x0000000000000001
17:55:57.296,210,405,45,7,26,7.57,P8,0x0000000000000001
17:55:58.406,210,405,45,7,22,7.50,P8,0x0000000000000001
17:55:59.510,210,405,45,7,26,7.54,P8,0x0000000000000001
17:56:00.612,210,405,45,10,27,7.62,P8,0x0000000000000001
17:56:01.730,210,405,45,7,26,7.75,P8,0x0000000000000001
17:56:02.833,210,405,45,7,26,7.47,P8,0x0000000000000001
17:56:03.937,210,405,45,6,22,7.49,P8,0x0000000000000001
17:56:05.065,210,405,45,7,26,7.52,P8,0x0000000000000001
17:56:06.168,210,405,45,7,26,7.49,P8,0x0000000000000001
17:56:07.269,210,405,45,7,26,7.50,P8,0x0000000000000001
17:56:08.371,210,405,45,7,22,7.50,P8,0x0000000000000001
17:56:09.472,210,405,45,8,26,8.00,P8,0x0000000000000001
17:56:10.576,210,405,45,11,26,7.50,P8,0x0000000000000001
17:56:11.691,210,405,45,11,24,7.75,P8,0x0000000000000001
17:56:12.794,210,405,45,11,26,7.60,P8,0x0000000000000001
17:56:13.894,210,405,45,11,26,7.52,P8,0x0000000000000001
17:56:14.999,210,405,45,7,22,7.51,P8,0x0000000000000001
17:56:16.100,210,405,45,3,26,7.49,P8,0x0000000000000001
17:56:17.208,210,405,46,7,26,7.34,P8,0x0000000000000001
17:56:18.309,210,405,45,7,25,7.48,P8,0x0000000000000001
17:56:19.477,210,405,45,2,22,7.47,P8,0x0000000000000001
17:56:20.661,210,405,46,11,26,7.50,P8,0x0000000000000001
17:56:21.779,210,405,46,7,26,7.42,P8,0x0000000000000001
17:56:22.884,210,405,46,7,26,7.57,P8,0x0000000000000001
17:56:23.989,210,405,46,5,22,7.46,P8,0x0000000000000001
17:56:25.370,210,405,46,7,26,7.56,P8,0x0000000000000001
17:56:26.797,210,405,46,11,25,7.28,P8,0x0000000000000001
17:56:27.936,210,405,46,7,26,7.41,P8,0x0000000000000001
17:56:29.040,2115,8001,47,4,1,20.90,P0,0x0000000000000001
17:56:30.146,2115,8001,47,5,1,20.38,P0,0x0000000000000001
17:56:31.260,540,810,46,4,15,14.66,P5,0x0000000000000001
17:56:32.360,360,810,46,5,15,10.09,P5,0x0000000000000001
17:56:33.474,255,810,46,7,15,10.01,P5,0x0000000000000001
17:56:34.576,210,405,46,10,30,8.03,P8,0x0000000000000001
17:56:35.688,210,405,46,12,31,7.62,P8,0x0000000000000001
17:56:36.801,210,405,46,10,31,7.60,P8,0x0000000000000001
17:56:37.906,210,405,46,11,30,7.66,P8,0x0000000000000001
17:56:39.023,210,405,46,6,30,7.68,P8,0x0000000000000001
17:56:40.146,210,405,46,11,30,7.67,P8,0x0000000000000001
17:56:41.263,210,405,45,7,30,7.69,P8,0x0000000000000001
17:56:42.362,210,405,45,11,30,7.64,P8,0x0000000000000001
17:56:43.463,210,405,45,11,30,7.67,P8,0x0000000000000001
17:56:44.584,210,405,45,11,31,7.66,P8,0x0000000000000001
17:56:45.700,210,405,45,11,30,7.65,P8,0x0000000000000001
17:56:46.805,210,405,45,12,30,7.64,P8,0x0000000000000001
17:56:47.915,210,405,45,11,31,7.65,P8,0x0000000000000001
17:56:49.052,210,405,45,11,31,7.62,P8,0x0000000000000001
17:56:50.163,210,405,45,11,30,7.63,P8,0x0000000000000001
17:56:51.278,210,405,45,11,31,7.64,P8,0x0000000000000001
17:56:52.401,210,405,45,11,30,7.63,P8,0x0000000000000001
17:56:53.512,210,405,45,12,30,7.64,P8,0x0000000000000001
17:56:54.626,210,405,45,11,30,7.71,P8,0x0000000000000001
17:56:55.741,210,405,45,7,30,7.62,P8,0x0000000000000001
17:56:56.876,210,405,45,11,31,7.62,P8,0x0000000000000001
17:56:57.977,210,405,45,11,30,7.68,P8,0x0000000000000001
17:56:59.079,210,405,45,11,30,7.64,P8,0x0000000000000001
17:57:00.195,210,405,45,14,32,7.65,P8,0x0000000000000001
17:57:01.297,210,405,45,7,30,7.59,P8,0x0000000000000001
17:57:02.414,210,405,45,7,30,7.67,P8,0x0000000000000001
17:57:03.529,210,405,45,11,31,7.66,P8,0x0000000000000001
17:57:04.636,210,405,45,7,30,7.74,P8,0x0000000000000001
17:57:05.762,210,405,45,11,30,7.70,P8,0x0000000000000001
17:57:06.865,210,405,46,11,30,7.74,P8,0x0000000000000001
17:57:07.976,210,405,46,6,30,7.70,P8,0x0000000000000001
17:57:09.089,210,405,46,9,31,7.70,P8,0x0000000000000001
17:57:10.198,210,405,46,7,30,7.66,P8,0x0000000000000001
17:57:11.313,210,405,46,16,31,7.74,P8,0x0000000000000001
17:57:12.414,210,405,46,11,31,7.75,P8,0x0000000000000001
17:57:13.531,210,405,46,7,30,7.72,P8,0x0000000000000001
17:57:14.647,210,405,46,11,30,7.79,P8,0x0000000000000001
17:57:15.762,210,405,46,11,30,7.82,P8,0x0000000000000001
17:57:16.867,210,405,47,16,31,7.86,P8,0x0000000000000001
17:57:18.014,210,405,47,11,30,7.86,P8,0x0000000000000001
17:57:19.119,210,405,47,16,31,7.86,P8,0x0000000000000001
17:57:20.223,210,405,47,12,30,7.86,P8,0x0000000000000001
17:57:21.324,210,405,47,7,30,7.91,P8,0x0000000000000001
17:57:22.439,210,405,47,7,30,7.82,P8,0x0000000000000001
