ts,availMB,commitUsedMB,benchProcs,benchWsMB,benchPrivMB,detail
17:39:08,11251,28743,0,0,0,
17:39:19,10637,29542,2,605,801,gradle#46140:ws98/pv197|gradle#4284:ws507/pv604
17:39:29,9344,31238,3,1645,2251,gradle#46140:ws100/pv199|gradle#4284:ws532/pv603|client#23812:ws1013/pv1449
17:39:40,8434,32129,4,2395,2976,gradle#46140:ws100/pv198|gradle#4284:ws536/pv607|client#23812:ws1318/pv1612|gradle#16924:ws441/pv559
17:39:51,7037,33444,4,3542,4079,gradle#46140:ws99/pv197|gradle#4284:ws534/pv605|client#23812:ws2254/pv2524|gradle#16924:ws655/pv753
17:40:02,6532,33893,4,4170,4674,gradle#46140:ws99/pv198|gradle#4284:ws536/pv607|client#23812:ws2934/pv3179|gradle#16924:ws601/pv690
17:40:13,6382,34056,4,4641,5146,gradle#46140:ws102/pv199|gradle#4284:ws536/pv607|client#23812:ws3401/pv3648|gradle#16924:ws602/pv692
17:40:23,6398,34129,4,4643,5148,gradle#46140:ws99/pv196|gradle#4284:ws536/pv607|client#23812:ws3405/pv3652|gradle#16924:ws603/pv693
17:40:34,6250,35105,4,4747,6125,gradle#46140:ws99/pv197|gradle#4284:ws536/pv606|client#23812:ws3501/pv4622|gradle#16924:ws611/pv700
17:40:45,5642,37453,4,5296,8402,gradle#46140:ws99/pv197|gradle#4284:ws537/pv607|client#23812:ws4049/pv6898|gradle#16924:ws611/pv700
17:40:56,5763,37394,4,5194,8314,gradle#46140:ws99/pv197|gradle#4284:ws531/pv601|client#23812:ws3953/pv6816|gradle#16924:ws611/pv700
17:41:06,5718,37426,4,5264,8399,gradle#46140:ws100/pv198|gradle#4284:ws531/pv601|client#23812:ws4050/pv6928|gradle#16924:ws583/pv672
17:41:17,5679,37456,4,5173,8313,gradle#46140:ws100/pv198|gradle#4284:ws531/pv601|client#23812:ws3968/pv6852|gradle#16924:ws574/pv662
17:41:27,5639,37503,4,5200,8326,gradle#46140:ws100/pv198|gradle#4284:ws531/pv602|client#23812:ws3995/pv6864|gradle#16924:ws574/pv662
17:41:38,5779,37354,4,5212,8347,gradle#46140:ws100/pv198|gradle#4284:ws531/pv602|client#23812:ws4002/pv6879|gradle#16924:ws579/pv668
17:41:49,5627,37496,4,5157,8290,gradle#46140:ws100/pv198|gradle#4284:ws531/pv602|client#23812:ws3947/pv6822|gradle#16924:ws579/pv668
17:41:59,5546,37585,4,5195,8329,gradle#46140:ws100/pv198|gradle#4284:ws531/pv601|client#23812:ws3985/pv6862|gradle#16924:ws579/pv668
17:42:10,5601,37533,4,5202,8332,gradle#46140:ws100/pv198|gradle#4284:ws531/pv601|client#23812:ws3992/pv6865|gradle#16924:ws579/pv668
17:42:20,5571,37495,4,5231,8299,gradle#46140:ws102/pv199|gradle#4284:ws531/pv601|client#23812:ws4019/pv6831|gradle#16924:ws579/pv668
17:42:31,5709,37277,4,5225,8213,gradle#46140:ws99/pv196|gradle#4284:ws532/pv602|client#23812:ws4015/pv6747|gradle#16924:ws579/pv668
17:42:41,5769,37240,4,5182,8169,gradle#46140:ws99/pv196|gradle#4284:ws532/pv602|client#23812:ws3972/pv6703|gradle#16924:ws579/pv668
17:42:52,5701,37294,4,5209,8198,gradle#46140:ws99/pv196|gradle#4284:ws532/pv602|client#23812:ws3999/pv6732|gradle#16924:ws579/pv668
17:43:03,5661,37327,4,5212,8199,gradle#46140:ws99/pv196|gradle#4284:ws532/pv602|client#23812:ws4001/pv6733|gradle#16924:ws580/pv668
17:43:13,5659,37320,4,5260,8248,gradle#46140:ws99/pv196|gradle#4284:ws532/pv602|client#23812:ws4049/pv6782|gradle#16924:ws580/pv668
17:43:24,5651,37352,4,5221,8208,gradle#46140:ws99/pv196|gradle#4284:ws536/pv606|client#23812:ws4006/pv6738|gradle#16924:ws580/pv668
17:43:34,5707,37266,4,5220,8195,gradle#46140:ws99/pv196|gradle#4284:ws536/pv606|client#23812:ws4005/pv6725|gradle#16924:ws580/pv668
17:43:45,5645,37334,4,5231,8206,gradle#46140:ws99/pv196|gradle#4284:ws536/pv606|client#23812:ws4016/pv6736|gradle#16924:ws580/pv668
17:43:55,5513,37494,4,5226,8202,gradle#46140:ws99/pv196|gradle#4284:ws542/pv613|client#23812:ws4005/pv6725|gradle#16924:ws580/pv668
17:44:06,5566,37410,4,5319,8295,gradle#46140:ws99/pv196|gradle#4284:ws532/pv602|client#23812:ws4108/pv6829|gradle#16924:ws580/pv668
17:44:16,5587,37366,4,5300,8275,gradle#46140:ws99/pv196|gradle#4284:ws532/pv602|client#23812:ws4089/pv6809|gradle#16924:ws580/pv668
17:44:27,5649,37359,4,5213,8187,gradle#46140:ws99/pv196|gradle#4284:ws532/pv602|client#23812:ws4002/pv6721|gradle#16924:ws580/pv668
17:44:38,5781,37156,4,5225,8199,gradle#46140:ws99/pv196|gradle#4284:ws532/pv602|client#23812:ws4014/pv6733|gradle#16924:ws580/pv668
17:44:48,5550,37410,4,5221,8195,gradle#46140:ws99/pv196|gradle#4284:ws532/pv602|client#23812:ws4010/pv6729|gradle#16924:ws580/pv668
17:44:59,4735,38262,4,6063,9051,gradle#46140:ws99/pv196|gradle#4284:ws532/pv602|client#23812:ws4852/pv7585|gradle#16924:ws580/pv668
17:45:09,4827,38148,4,6035,9023,gradle#46140:ws99/pv196|gradle#4284:ws532/pv602|client#23812:ws4824/pv7557|gradle#16924:ws580/pv668
17:45:20,4765,38220,4,6110,9099,gradle#46140:ws99/pv196|gradle#4284:ws532/pv602|client#23812:ws4899/pv7633|gradle#16924:ws580/pv668
17:45:30,4734,38249,4,6107,9098,gradle#46140:ws99/pv196|gradle#4284:ws532/pv602|client#23812:ws4896/pv7632|gradle#16924:ws580/pv668
17:45:41,4793,38224,4,6052,9044,gradle#46140:ws99/pv196|gradle#4284:ws531/pv601|client#23812:ws4842/pv7579|gradle#16924:ws580/pv668
17:45:51,4718,38306,4,6109,9121,gradle#46140:ws99/pv196|gradle#4284:ws531/pv601|client#23812:ws4899/pv7656|gradle#16924:ws580/pv668
17:46:02,4885,38124,4,6052,9066,gradle#46140:ws99/pv196|gradle#4284:ws531/pv601|client#23812:ws4842/pv7600|gradle#16924:ws580/pv669
17:46:12,4924,38259,4,6081,9257,gradle#46140:ws100/pv197|gradle#4284:ws532/pv602|client#23812:ws4855/pv7775|gradle#16924:ws594/pv683
17:46:23,4977,38068,4,6020,9070,gradle#46140:ws105/pv202|gradle#4284:ws540/pv611|client#23812:ws4781/pv7574|gradle#16924:ws594/pv683
17:46:33,4933,38062,4,6039,9040,gradle#46140:ws99/pv196|gradle#4284:ws540/pv611|client#23812:ws4802/pv7546|gradle#16924:ws598/pv687
17:46:44,4850,38141,4,6044,9043,gradle#46140:ws99/pv196|gradle#4284:ws540/pv611|client#23812:ws4807/pv7549|gradle#16924:ws598/pv687
17:46:55,4869,38134,4,6050,9048,gradle#46140:ws100/pv196|gradle#4284:ws540/pv611|client#23812:ws4812/pv7554|gradle#16924:ws598/pv687
17:47:05,4830,38166,4,6049,9047,gradle#46140:ws100/pv196|gradle#4284:ws540/pv611|client#23812:ws4811/pv7553|gradle#16924:ws598/pv687
17:47:16,4858,38116,4,6061,9059,gradle#46140:ws100/pv196|gradle#4284:ws540/pv611|client#23812:ws4821/pv7563|gradle#16924:ws600/pv689
17:47:26,4867,38118,4,6061,9059,gradle#46140:ws100/pv196|gradle#4284:ws540/pv611|client#23812:ws4821/pv7563|gradle#16924:ws600/pv689
17:47:37,4781,38211,4,6149,9147,gradle#46140:ws100/pv196|gradle#4284:ws541/pv611|client#23812:ws4908/pv7651|gradle#16924:ws600/pv689
17:47:47,4786,38196,4,6075,9073,gradle#46140:ws100/pv196|gradle#4284:ws541/pv611|client#23812:ws4834/pv7577|gradle#16924:ws600/pv689
17:47:58,4807,38187,4,6075,9073,gradle#46140:ws100/pv197|gradle#4284:ws541/pv611|client#23812:ws4834/pv7576|gradle#16924:ws600/pv689
17:48:08,4489,38693,4,6489,9581,gradle#46140:ws100/pv197|gradle#4284:ws541/pv611|client#23812:ws5247/pv8083|gradle#16924:ws601/pv690
17:48:19,4303,38743,4,6591,9585,gradle#46140:ws100/pv197|gradle#4284:ws541/pv611|client#23812:ws5349/pv8087|gradle#16924:ws601/pv690
17:48:29,4286,38731,4,6591,9585,gradle#46140:ws100/pv197|gradle#4284:ws541/pv611|client#23812:ws5349/pv8087|gradle#16924:ws601/pv690
17:48:40,4303,38716,4,6592,9586,gradle#46140:ws100/pv197|gradle#4284:ws541/pv611|client#23812:ws5350/pv8088|gradle#16924:ws601/pv690
17:48:50,4291,38744,4,6593,9587,gradle#46140:ws100/pv197|gradle#4284:ws542/pv612|client#23812:ws5350/pv8088|gradle#16924:ws601/pv690
17:49:01,4251,38767,4,6602,9588,gradle#46140:ws100/pv197|gradle#4284:ws542/pv612|client#23812:ws5359/pv8089|gradle#16924:ws601/pv690
17:49:11,4588,38412,4,6601,9635,gradle#46140:ws100/pv197|gradle#4284:ws542/pv612|client#23812:ws5358/pv8136|gradle#16924:ws601/pv690
17:49:22,4326,38893,4,6598,9774,gradle#46140:ws100/pv197|gradle#4284:ws542/pv612|client#23812:ws5355/pv8275|gradle#16924:ws601/pv690
17:49:33,4412,38686,4,6599,9682,gradle#46140:ws100/pv197|gradle#4284:ws544/pv614|client#23812:ws5354/pv8181|gradle#16924:ws601/pv690
17:49:43,4382,38616,4,6603,9567,gradle#46140:ws100/pv197|gradle#4284:ws544/pv614|client#23812:ws5355/pv8063|gradle#16924:ws604/pv693
17:49:54,4358,38658,4,6605,9568,gradle#46140:ws100/pv197|gradle#4284:ws544/pv614|client#23812:ws5357/pv8064|gradle#16924:ws604/pv693
17:50:05,4354,38611,4,6605,9568,gradle#46140:ws100/pv197|gradle#4284:ws544/pv614|client#23812:ws5357/pv8064|gradle#16924:ws604/pv693
17:50:15,4383,38564,4,6605,9568,gradle#46140:ws100/pv197|gradle#4284:ws544/pv614|client#23812:ws5357/pv8064|gradle#16924:ws604/pv693
17:50:26,4371,38601,4,6606,9570,gradle#46140:ws100/pv197|gradle#4284:ws544/pv613|client#23812:ws5357/pv8065|gradle#16924:ws605/pv695
17:50:36,10340,29709,1,605,695,gradle#16924:ws605/pv695
17:50:47,10292,29756,1,605,695,gradle#16924:ws605/pv695
17:50:57,10271,29781,1,605,695,gradle#16924:ws605/pv695
17:51:08,10313,29726,1,605,695,gradle#16924:ws605/pv695
17:51:18,10323,29705,1,605,695,gradle#16924:ws605/pv695
17:51:29,10259,29764,1,605,695,gradle#16924:ws605/pv695
17:51:39,10266,29742,1,605,695,gradle#16924:ws605/pv695
17:51:50,10263,29766,1,605,695,gradle#16924:ws605/pv695
17:52:00,10193,29824,1,605,695,gradle#16924:ws605/pv695
17:52:11,10253,29770,1,605,695,gradle#16924:ws605/pv695
17:52:21,10262,29747,1,605,695,gradle#16924:ws605/pv695
17:52:32,10241,29765,1,605,695,gradle#16924:ws605/pv695
17:52:42,10139,29879,1,605,695,gradle#16924:ws605/pv695
17:52:53,10355,29690,1,605,695,gradle#16924:ws605/pv695
17:53:03,10372,29664,1,605,695,gradle#16924:ws605/pv695
17:53:14,10377,29647,1,605,695,gradle#16924:ws605/pv695
17:53:24,10392,29637,1,605,695,gradle#16924:ws605/pv695
17:53:35,10366,29648,1,605,695,gradle#16924:ws605/pv695
17:53:45,9642,30742,4,1297,1662,gradle#16924:ws605/pv695|gradle#7160:ws99/pv200|gradle#47020:ws574/pv646|other#26300:ws19/pv121
17:53:56,9323,31226,4,1631,2169,gradle#16924:ws605/pv695|gradle#7160:ws98/pv196|gradle#47020:ws538/pv610|client#21888:ws390/pv668
17:54:07,9643,31216,4,1319,2167,gradle#16924:ws605/pv695|gradle#7160:ws100/pv198|gradle#47020:ws557/pv629|other#48856:ws57/pv645
17:54:17,9614,31188,4,1335,2140,gradle#16924:ws605/pv695|gradle#7160:ws100/pv197|gradle#47020:ws534/pv604|client#43940:ws96/pv644
17:54:28,9551,31257,4,1368,2177,gradle#16924:ws605/pv695|gradle#7160:ws100/pv198|gradle#47020:ws538/pv608|client#13168:ws125/pv676
17:54:38,9407,31221,4,1516,2162,gradle#16924:ws605/pv695|gradle#7160:ws100/pv197|gradle#47020:ws538/pv608|client#13168:ws273/pv662
17:54:49,9304,31239,4,1619,2158,gradle#16924:ws605/pv695|gradle#7160:ws100/pv197|gradle#47020:ws538/pv608|client#13168:ws376/pv658
17:54:59,9263,31291,4,1619,2158,gradle#16924:ws605/pv695|gradle#7160:ws100/pv197|gradle#47020:ws538/pv608|client#13168:ws376/pv658
17:55:10,9110,31245,4,1771,2158,gradle#16924:ws605/pv695|gradle#7160:ws99/pv197|gradle#47020:ws538/pv609|client#13168:ws529/pv657
17:55:20,9138,31230,4,1772,2154,gradle#16924:ws605/pv695|gradle#7160:ws100/pv197|gradle#47020:ws535/pv605|client#13168:ws532/pv657
17:55:31,9122,31232,4,1781,2162,gradle#16924:ws605/pv695|gradle#7160:ws100/pv197|gradle#47020:ws535/pv605|client#13168:ws541/pv665
17:55:41,9045,31349,4,1775,2157,gradle#16924:ws605/pv695|gradle#7160:ws100/pv198|gradle#47020:ws536/pv606|client#13168:ws534/pv658
17:55:52,8955,31444,4,1777,2158,gradle#16924:ws606/pv695|gradle#7160:ws100/pv198|gradle#47020:ws536/pv606|client#13168:ws535/pv659
17:56:03,9015,31389,4,1784,2164,gradle#16924:ws606/pv695|gradle#7160:ws100/pv198|gradle#47020:ws536/pv606|client#13168:ws542/pv665
17:56:13,9050,31327,4,1777,2160,gradle#16924:ws606/pv695|gradle#7160:ws100/pv198|gradle#47020:ws536/pv607|client#13168:ws535/pv660
17:56:24,9170,31186,4,1789,2166,gradle#16924:ws606/pv695|gradle#7160:ws100/pv198|gradle#47020:ws536/pv607|client#13168:ws547/pv666
17:56:34,9165,32120,4,1821,3117,gradle#16924:ws606/pv695|gradle#7160:ws100/pv198|gradle#47020:ws770/pv994|client#37832:ws345/pv1230
17:56:45,10260,29771,1,606,695,gradle#16924:ws606/pv695
17:56:55,10275,29746,1,606,695,gradle#16924:ws606/pv695
17:57:06,10359,29662,1,606,695,gradle#16924:ws606/pv695
17:57:17,10338,29673,1,606,695,gradle#16924:ws606/pv695
